City_ID,City,Country,Date,Lat,Lng,Max Temp,Humidity,Cloudiness,Wind Speed
0,Cayenne,GF,2022-08-18 15:46:52,4.9333,-52.3333,89.64,55,75,8.05
1,Busselton,AU,2022-08-18 15:46:52,-33.65,115.3333,56.91,73,95,9.22
2,Cape Town,ZA,2022-08-18 15:45:55,-33.9258,18.4232,58.1,81,100,25.32
3,Hasaki,JP,2022-08-18 15:46:52,35.7333,140.8333,75.29,80,0,12.24
4,Evensk,RU,2022-08-18 15:46:53,61.95,159.2333,48.16,83,100,6.11
5,Rikitea,PF,2022-08-18 15:46:53,-23.1203,-134.9692,73.11,76,57,15.61
6,Blantyre,MW,2022-08-18 15:46:53,-15.785,35.0085,73.9,30,6,6.17
7,Kargasok,RU,2022-08-18 15:46:54,59.0556,80.8572,51.67,79,97,9.22
8,Kaitangata,NZ,2022-08-18 15:46:54,-46.2817,169.8464,50.85,83,64,12.71
9,Puyo,EC,2022-08-18 15:46:54,-1.4667,-77.9833,78.04,65,20,4.61
10,Georgetown,MY,2022-08-18 15:45:55,5.4112,100.3354,83.89,76,20,3.44
11,Torbeyevo,RU,2022-08-18 15:46:55,54.0797,43.2473,74.35,43,100,17.85
12,Durban,ZA,2022-08-18 15:46:55,-29.8579,31.0292,67.12,71,99,3.0
13,Staryy Nadym,RU,2022-08-18 15:46:55,65.6118,72.6842,48.96,83,100,11.68
14,Castro,BR,2022-08-18 15:42:02,-24.7911,-50.0119,57.51,95,100,6.96
15,Mataura,NZ,2022-08-18 15:46:56,-46.1927,168.8643,48.69,98,93,3.02
16,Ushuaia,AR,2022-08-18 15:46:56,-54.8,-68.3,40.62,87,75,18.41
17,Hobart,AU,2022-08-18 15:45:04,-42.8794,147.3294,48.06,75,72,12.66
18,Kununurra,AU,2022-08-18 15:46:57,-15.7667,128.7333,55.38,76,7,1.14
19,Muriti,TZ,2022-08-18 15:46:57,-1.9833,32.9167,70.25,73,100,12.21
20,Ahipara,NZ,2022-08-18 15:46:57,-35.1667,173.1667,63.27,95,100,21.45
21,Hermanus,ZA,2022-08-18 15:46:58,-34.4187,19.2345,58.8,87,99,14.52
22,Bosaso,SO,2022-08-18 15:46:58,11.2842,49.1816,89.49,51,51,4.81
23,Touros,BR,2022-08-18 15:46:58,-5.1989,-35.4608,84.04,59,12,19.86
24,Kormilovka,RU,2022-08-18 15:46:59,55.0026,74.1028,51.78,60,100,11.68
25,Tiksi,RU,2022-08-18 15:46:59,71.6872,128.8694,40.21,98,69,12.73
26,Ancud,CL,2022-08-18 15:46:59,-41.8697,-73.8203,49.23,92,100,12.53
27,Tual,ID,2022-08-18 15:47:00,-5.6667,132.75,77.77,79,100,16.55
28,Esperance,AU,2022-08-18 15:47:00,-33.8667,121.9,51.8,74,13,15.59
29,North Platte,US,2022-08-18 15:47:00,41.1239,-100.7654,76.12,68,0,7.0
30,Hithadhoo,MV,2022-08-18 15:47:01,-0.6,73.0833,81.7,77,99,12.86
31,Hilo,US,2022-08-18 15:47:01,19.7297,-155.09,77.29,90,0,4.0
32,Vaini,TO,2022-08-18 15:47:03,-21.2,-175.2,71.76,78,20,12.66
33,Kahului,US,2022-08-18 15:47:04,20.8947,-156.47,77.85,73,0,8.05
34,Albany,US,2022-08-18 15:42:36,42.6001,-73.9662,77.18,66,100,1.01
35,Codrington,AU,2022-08-18 15:47:04,-38.2667,141.9667,43.34,88,27,9.69
36,Tynda,RU,2022-08-18 15:47:05,55.1667,124.7167,45.01,94,14,2.93
37,Nikolskoye,RU,2022-08-18 15:47:05,59.7035,30.7861,84.09,58,100,2.95
38,Itaberai,BR,2022-08-18 15:47:06,-16.0203,-49.8103,90.41,17,0,8.72
39,Punta Arenas,CL,2022-08-18 15:47:06,-53.15,-70.9167,42.82,75,86,10.2
40,Tuktoyaktuk,CA,2022-08-18 15:47:06,69.4541,-133.0374,51.8,100,100,25.32
41,Ust-Nera,RU,2022-08-18 15:47:07,64.5667,143.2,51.85,86,98,2.98
42,Ostersund,SE,2022-08-18 15:47:07,63.1792,14.6357,57.61,88,100,11.5
43,Cabo San Lucas,MX,2022-08-18 15:47:08,22.8909,-109.9124,87.62,80,91,1.01
44,Bluff,NZ,2022-08-18 15:48:08,-46.6,168.3333,51.26,83,38,18.14
45,Narsaq,GL,2022-08-18 15:48:09,60.9167,-46.05,55.62,45,0,6.55
46,Kushima,JP,2022-08-18 15:48:09,31.4583,131.2333,78.89,93,96,4.72
47,Atuona,PF,2022-08-18 15:48:10,-9.8,-139.0333,76.78,76,31,24.61
48,Victoria,HK,2022-08-18 15:47:50,22.2855,114.1577,85.32,83,96,8.99
49,Sens,FR,2022-08-18 15:48:10,48.1667,3.3333,81.59,35,93,7.07
50,Yellowknife,CA,2022-08-18 15:48:11,62.456,-114.3525,68.52,68,40,17.27
51,Barrow,US,2022-08-18 15:48:13,71.2906,-156.7887,35.62,93,100,19.57
52,Deputatskiy,RU,2022-08-18 15:48:13,69.3,139.9,41.32,92,79,2.48
53,Dingle,PH,2022-08-18 15:48:14,10.9995,122.6711,75.87,90,100,1.99
54,Arraial Do Cabo,BR,2022-08-18 15:48:14,-22.9661,-42.0278,84.16,42,0,19.57
55,Lagoa,PT,2022-08-18 15:48:14,39.05,-27.9833,70.57,64,19,6.35
56,Krasnoselkup,RU,2022-08-18 15:48:15,65.7,82.4667,53.19,64,100,13.78
57,Shingu,JP,2022-08-18 15:48:15,33.7333,135.9833,74.84,83,1,5.17
58,Henties Bay,NA,2022-08-18 15:48:16,-22.116,14.2845,57.34,79,51,17.98
59,Pisco,PE,2022-08-18 15:48:16,-13.7,-76.2167,64.02,82,100,5.75
60,Vinni,EE,2022-08-18 15:48:17,59.2958,26.4322,78.91,57,100,6.35
61,Provideniya,RU,2022-08-18 15:48:17,64.3833,-173.3,40.21,80,28,5.19
62,Bredasdorp,ZA,2022-08-18 15:48:18,-34.5322,20.0403,55.63,91,71,14.67
63,East London,ZA,2022-08-18 15:48:18,-33.0153,27.9116,63.54,72,40,20.71
64,Varzob,TJ,2022-08-18 15:48:21,38.7737,68.8178,80.33,27,0,0.85
65,Aklavik,CA,2022-08-18 15:48:21,68.2191,-135.0107,48.2,87,100,16.11
66,Oistins,BB,2022-08-18 15:48:22,13.0667,-59.5333,87.89,66,75,17.27
67,Magadan,RU,2022-08-18 15:48:22,59.5667,150.8,52.18,93,100,8.66
68,Airai,TL,2022-08-18 15:48:23,-8.9266,125.4092,52.86,56,55,2.33
69,Bambous Virieux,MU,2022-08-18 15:48:23,-20.3428,57.7575,71.22,83,40,6.91
70,Gat,IL,2022-08-18 15:48:23,31.61,34.7642,86.4,6,0,9.33
71,Port Hedland,AU,2022-08-18 15:48:24,-20.3167,118.5667,68.05,52,54,6.91
72,Sao Filipe,CV,2022-08-18 15:48:24,14.8961,-24.4956,77.45,80,32,11.77
73,Upernavik,GL,2022-08-18 15:48:27,72.7868,-56.1549,39.85,89,100,3.85
74,Presidente Venceslau,BR,2022-08-18 15:48:28,-21.8761,-51.8439,67.1,92,100,6.58
75,Ponta Do Sol,PT,2022-08-18 15:48:28,32.6667,-17.1,76.71,65,20,3.15
76,Westport,US,2022-08-18 15:45:15,41.1415,-73.3579,84.15,55,0,6.91
77,Talnakh,RU,2022-08-18 15:48:28,69.4865,88.3972,48.42,63,1,12.86
78,Hambantota,LK,2022-08-18 15:48:29,6.1241,81.1185,80.94,89,20,10.36
79,Mount Gambier,AU,2022-08-18 15:48:29,-37.8333,140.7667,45.07,82,9,8.48
80,Yamada,JP,2022-08-18 15:48:29,39.4667,141.95,67.06,88,66,7.56
81,Nome,US,2022-08-18 15:48:30,64.5011,-165.4064,46.47,87,100,0.0
82,Tambun,ID,2022-08-18 15:48:30,-6.2641,107.0712,82.04,73,5,3.36
83,Cherskiy,RU,2022-08-18 15:48:31,68.75,161.3,52.36,61,100,8.19
84,Praia Da Vitoria,PT,2022-08-18 15:48:32,38.7333,-27.0667,77.25,65,75,6.8
85,Vila Do Maio,CV,2022-08-18 15:48:32,15.1333,-23.2167,86.79,76,78,12.5
86,Saldanha,ZA,2022-08-18 15:48:32,-33.0117,17.9442,57.25,79,50,18.25
87,Solnechnyy,RU,2022-08-18 15:48:33,50.7214,136.6319,60.62,85,73,3.69
88,Otradnoye,RU,2022-08-18 15:48:33,59.7775,30.8181,84.25,57,100,3.02
89,Kidal,ML,2022-08-18 15:48:33,18.4411,1.4078,99.64,24,2,2.68
90,Meulaboh,ID,2022-08-18 15:49:34,4.1363,96.1285,78.6,83,51,4.59
91,Baruun-Urt,MN,2022-08-18 15:49:34,46.6806,113.2792,45.25,94,51,3.8
92,Sao Francisco,BR,2022-08-18 15:49:35,-15.9486,-44.8644,90.3,20,1,5.06
93,Avarua,CK,2022-08-18 15:49:35,-21.2078,-159.775,66.25,88,100,4.61
94,Viedma,AR,2022-08-18 15:49:35,-40.8135,-62.9967,52.52,29,0,14.34
95,Jamestown,US,2022-08-18 15:49:16,42.097,-79.2353,76.95,56,40,6.91
96,Saint-Augustin,CA,2022-08-18 15:49:36,51.226,-58.6502,62.06,70,100,10.71
97,La Ronge,CA,2022-08-18 15:49:36,55.1001,-105.2842,68.25,68,0,8.05
98,Bubaque,GW,2022-08-18 15:49:37,11.2833,-15.8333,79.11,82,34,14.9
99,Mar Del Plata,AR,2022-08-18 15:49:37,-38.0023,-57.5575,52.09,68,40,18.99
100,Saint-Philippe,RE,2022-08-18 15:49:37,-21.3585,55.7679,71.22,80,29,10.78
101,Soyo,AO,2022-08-18 15:49:38,-6.1349,12.3689,73.89,76,52,9.89
102,Iqaluit,CA,2022-08-18 15:49:38,63.7506,-68.5145,40.73,100,100,12.66
103,Lompoc,US,2022-08-18 15:49:38,34.6391,-120.4579,55.29,100,100,3.44
104,Guanambi,BR,2022-08-18 15:49:39,-14.2233,-42.7814,84.96,26,7,9.28
105,Micheweni,TZ,2022-08-18 15:49:39,-4.9667,39.8333,75.04,76,77,11.77
106,Butaritari,KI,2022-08-18 15:49:39,3.0707,172.7902,81.39,66,100,11.54
107,Fortuna,US,2022-08-18 15:49:40,40.5982,-124.1573,55.74,95,100,0.0
108,Mineros,BO,2022-08-18 15:49:40,-17.1167,-63.2333,65.7,53,100,11.34
109,Cidreira,BR,2022-08-18 15:49:40,-30.1811,-50.2056,52.7,78,100,18.25
110,Pevek,RU,2022-08-18 15:49:40,69.7008,170.3133,39.11,74,0,5.28
111,Mayo,US,2022-08-18 15:49:41,38.8876,-76.5119,82.11,64,0,4.61
112,Opuwo,NA,2022-08-18 15:49:41,-18.0607,13.84,81.77,12,82,15.97
113,Qui Nhon,VN,2022-08-18 15:49:41,13.7667,109.2333,81.19,78,88,6.06
114,Puerto Ayora,EC,2022-08-18 15:49:42,-0.7393,-90.3518,71.56,89,98,8.01
115,Broken Hill,AU,2022-08-18 15:47:31,-31.95,141.4333,49.28,69,91,17.9
116,Pangnirtung,CA,2022-08-18 15:49:42,66.1451,-65.7125,46.4,81,75,10.36
117,Atlantic City,US,2022-08-18 15:49:42,39.3643,-74.4229,84.04,54,0,8.99
118,Longyearbyen,SJ,2022-08-18 15:49:43,78.2186,15.6401,46.24,71,75,12.66
119,Aksu,CN,2022-08-18 15:49:43,41.1231,80.2644,75.2,50,65,4.43
120,Kodiak,US,2022-08-18 15:49:43,57.79,-152.4072,53.11,71,100,4.61
121,Lorengau,PG,2022-08-18 15:49:44,-2.0226,147.2712,79.75,81,40,7.7
122,Staraya Mayna,RU,2022-08-18 15:49:44,54.6,48.95,77.11,56,100,13.47
123,Murgab,TM,2022-08-18 15:49:44,37.4966,61.9714,91.27,18,0,6.91
124,Martapura,ID,2022-08-18 15:49:45,-3.4167,114.85,78.89,78,20,4.61
125,Chuy,UY,2022-08-18 15:49:45,-33.6971,-53.4616,53.29,44,18,16.8
126,Sedalia,US,2022-08-18 15:49:46,38.7045,-93.2283,77.76,67,0,3.44
127,Leningradskiy,RU,2022-08-18 15:49:46,69.3833,178.4167,33.49,94,54,7.81
128,Ilulissat,GL,2022-08-18 15:49:46,69.2167,-51.1,44.62,70,75,6.91
129,Verkhoyansk,RU,2022-08-18 15:49:47,67.5447,133.385,56.17,85,100,2.01
130,Molina,CL,2022-08-18 15:49:47,-35.1167,-71.2833,48.36,60,20,8.05
131,Kondinskoye,RU,2022-08-18 15:49:47,59.6481,67.41,48.63,95,100,6.53
132,Mangrol,IN,2022-08-18 15:49:48,21.1167,70.1167,79.68,88,77,17.18
133,Vardo,NO,2022-08-18 15:49:48,70.3705,31.1107,53.58,76,75,8.05
134,Alice Springs,AU,2022-08-18 15:47:33,-23.7,133.8833,55.22,61,40,9.22
135,Coihaique,CL,2022-08-18 15:46:01,-45.5752,-72.0662,46.35,71,75,5.75
136,Khani,GE,2022-08-18 15:50:48,41.9563,42.9566,72.97,92,0,1.66
137,Grand Gaube,MU,2022-08-18 15:50:49,-20.0064,57.6608,71.38,74,0,5.01
138,Tagusao,PH,2022-08-18 15:50:49,9.1924,117.8141,79.2,84,100,5.59
139,Te Anau,NZ,2022-08-18 15:50:49,-45.4167,167.7167,46.08,92,45,3.67
140,Khatanga,RU,2022-08-18 15:50:50,71.9667,102.5,40.78,73,76,8.61
141,Bereda,ES,2022-08-18 15:50:50,43.2686,-7.5406,72.41,58,0,7.36
142,Abu Samrah,SY,2022-08-18 15:50:51,35.3029,37.1841,91.44,26,0,13.67
143,Saskylakh,RU,2022-08-18 15:50:51,71.9167,114.0833,37.06,89,100,13.62
144,San Juan Del Sur,NI,2022-08-18 15:50:51,11.2529,-85.8705,84.42,74,40,6.91
145,Nekrasovskoye,RU,2022-08-18 15:50:52,57.6766,40.3657,78.69,47,0,6.71
146,Strezhevoy,RU,2022-08-18 15:50:52,60.7333,77.5889,52.48,69,69,8.7
147,Los Llanos De Aridane,ES,2022-08-18 15:50:52,28.6585,-17.9182,73.15,67,75,16.11
148,Veraval,IN,2022-08-18 15:50:57,20.9,70.3667,79.56,89,69,16.91
149,Comodoro Rivadavia,AR,2022-08-18 15:50:57,-45.8667,-67.5,53.46,40,0,26.46
150,Severo-Kurilsk,RU,2022-08-18 15:50:57,50.6789,156.125,55.42,94,28,8.97
151,Kruisfontein,ZA,2022-08-18 15:50:58,-34.0033,24.7314,56.88,84,99,10.27
152,Inhambane,MZ,2022-08-18 15:50:58,-23.865,35.3833,75.18,88,20,21.0
153,Sinnamary,GF,2022-08-18 15:50:58,5.3833,-52.95,82.87,78,45,12.01
154,Rock Springs,US,2022-08-18 15:50:59,41.5875,-109.2029,72.23,37,0,6.91
155,Kieta,PG,2022-08-18 15:50:59,-6.2167,155.6333,77.63,84,88,6.29
156,Klaksvik,FO,2022-08-18 15:50:59,62.2266,-6.589,52.72,90,88,22.55
157,Lichinga,MZ,2022-08-18 15:51:00,-13.3128,35.2406,73.49,49,20,9.22
158,Port Lincoln,AU,2022-08-18 15:51:00,-34.7333,135.8667,51.8,70,12,12.35
159,Katsuura,JP,2022-08-18 15:51:00,35.1333,140.3,77.2,88,1,9.69
160,Nishihara,JP,2022-08-18 15:51:01,26.1842,127.7558,84.25,81,20,16.11
161,Amahai,ID,2022-08-18 15:51:01,-3.3333,128.9167,76.26,81,86,4.88
162,Dikson,RU,2022-08-18 15:51:02,73.5069,80.5464,41.63,80,100,2.17
163,Mahajanga,MG,2022-08-18 15:51:02,-15.7167,46.3167,77.02,61,0,6.91
164,Lerwick,GB,2022-08-18 15:51:04,60.1545,-1.1494,59.0,94,100,19.73
165,Sao Joao Da Barra,BR,2022-08-18 15:51:04,-21.6403,-41.0511,84.29,66,3,25.93
166,Ostrovnoy,RU,2022-08-18 15:51:04,68.0531,39.5131,51.69,92,100,13.94
167,Port Alfred,ZA,2022-08-18 15:51:05,-33.5906,26.891,58.17,86,83,8.01
168,Port Elizabeth,ZA,2022-08-18 15:51:05,-33.918,25.5701,59.09,96,100,16.11
169,Saint-Pierre,RE,2022-08-18 15:51:06,-21.3393,55.4781,71.29,76,20,4.61
170,Uglezavodsk,RU,2022-08-18 15:51:06,47.3167,142.6167,58.78,95,85,4.29
171,Thompson,CA,2022-08-18 15:51:06,55.7435,-97.8558,66.36,82,75,13.8
172,Bethel,US,2022-08-18 15:51:07,41.3712,-73.414,82.89,51,0,5.75
173,Warri,NG,2022-08-18 15:51:07,5.5167,5.75,79.48,75,100,8.61
174,Berlevag,NO,2022-08-18 15:51:08,70.8578,29.0864,53.6,62,75,11.5
175,Zhoucheng,CN,2022-08-18 15:51:08,35.9122,116.3117,82.6,86,96,11.3
176,Salalah,OM,2022-08-18 15:51:08,17.0151,54.0924,75.33,94,100,4.61
177,Bria,CF,2022-08-18 15:51:09,6.5423,21.9863,75.0,86,76,6.44
178,Bandarbeyla,SO,2022-08-18 15:51:09,9.4942,50.8122,77.22,79,25,29.35
179,Sao Joao Do Piaui,BR,2022-08-18 15:51:09,-8.3581,-42.2467,92.8,25,0,9.46
180,Naryan-Mar,RU,2022-08-18 15:52:10,67.6713,53.087,72.36,65,25,10.38
181,Upata,VE,2022-08-18 15:52:11,8.0086,-62.3989,82.18,58,26,4.29
182,Paka,MY,2022-08-18 15:52:11,4.6374,103.4368,78.73,94,73,0.0
183,Qaanaaq,GL,2022-08-18 15:52:12,77.484,-69.3632,37.49,98,100,2.57
184,Inirida,CO,2022-08-18 15:52:12,3.8653,-67.9239,89.8,56,16,1.88
185,Beringovskiy,RU,2022-08-18 15:52:13,63.05,179.3167,45.03,75,33,11.45
186,Villa Maria,AR,2022-08-18 15:52:13,-32.4075,-63.2402,53.82,36,0,14.0
187,Okhotsk,RU,2022-08-18 15:52:13,59.3833,143.3,54.63,96,100,38.18
188,Binga,ZW,2022-08-18 15:52:14,-17.6203,27.3414,74.98,34,81,3.38
189,Sao Miguel Do Iguacu,BR,2022-08-18 15:52:14,-25.3481,-54.2378,58.08,75,95,10.0
190,Tyrma,RU,2022-08-18 15:52:14,50.0833,132.1667,54.52,97,83,1.45
191,Kapaa,US,2022-08-18 15:47:16,22.0752,-159.319,76.12,90,75,9.22
192,Genhe,CN,2022-08-18 15:52:16,50.7833,121.5167,54.5,54,100,2.13
193,Marawi,PH,2022-08-18 15:52:16,7.9986,124.2928,68.45,94,98,4.12
194,Bairiki,KI,2022-08-18 15:52:17,1.3292,172.9752,78.8,83,20,5.75
195,Hornepayne,CA,2022-08-18 15:52:17,49.2138,-84.7705,69.67,66,94,9.35
196,Terrace,CA,2022-08-18 15:52:18,54.5163,-128.6035,64.31,82,0,9.22
197,Lavrentiya,RU,2022-08-18 15:52:18,65.5833,-171.0,39.76,85,100,8.57
198,Meadow Lake,US,2022-08-18 15:52:19,34.8014,-106.5436,76.84,59,6,1.95
199,Yar-Sale,RU,2022-08-18 15:52:19,66.8333,70.8333,47.66,89,100,2.86
200,Trelew,AR,2022-08-18 15:52:19,-43.249,-65.3051,51.13,36,5,18.32
201,Tura,IN,2022-08-18 15:52:21,25.5198,90.2201,79.59,84,92,4.0
202,Berdigestyakh,RU,2022-08-18 15:52:21,62.0989,126.6992,49.78,96,100,3.76
203,Ruteng,ID,2022-08-18 15:52:21,-8.6136,120.4721,57.54,88,89,1.48
204,San Quintin,MX,2022-08-18 15:52:22,30.4833,-115.95,72.21,82,98,7.14
205,Sola,VU,2022-08-18 15:52:22,-13.8833,167.55,79.75,75,2,8.16
206,Kavieng,PG,2022-08-18 15:52:22,-2.5744,150.7967,81.27,79,29,14.29
207,Shubarshi,KZ,2022-08-18 15:52:23,48.5872,57.1869,80.17,27,30,14.79
208,Osypenko,UA,2022-08-18 15:52:23,46.9136,36.8253,80.71,55,90,3.06
209,Flin Flon,CA,2022-08-18 15:52:23,54.7682,-101.865,67.84,77,0,5.75
210,Ulaangom,MN,2022-08-18 15:52:24,49.9811,92.0667,54.12,53,14,6.17
211,Skjervoy,NO,2022-08-18 15:52:24,70.0311,20.9714,57.2,73,68,8.52
212,Sinegorye,RU,2022-08-18 15:52:25,62.0788,150.477,53.2,89,100,6.42
213,Flinders,AU,2022-08-18 15:52:25,-34.5833,150.8552,63.37,73,98,1.99
214,Le Port,RE,2022-08-18 15:52:26,-20.9373,55.2919,71.62,70,12,7.29
215,Chaumont,FR,2022-08-18 15:52:27,48.1167,5.1333,76.37,61,99,1.68
216,Show Low,US,2022-08-18 15:50:44,34.2542,-110.0298,72.09,67,0,3.44
217,Grootfontein,NA,2022-08-18 15:52:27,-19.5667,18.1167,79.63,8,93,12.8
218,Ugep,NG,2022-08-18 15:52:27,5.8086,8.0812,77.85,86,100,1.99
219,Bograd,RU,2022-08-18 15:52:28,54.2344,90.8328,50.49,57,52,2.91
220,Yerbogachen,RU,2022-08-18 15:52:28,61.2767,108.0108,48.69,98,100,4.81
221,Aasiaat,GL,2022-08-18 15:52:28,68.7098,-52.8699,36.79,90,98,2.55
222,Souillac,MU,2022-08-18 15:52:29,-20.5167,57.5167,70.18,83,40,6.91
223,Boguchany,RU,2022-08-18 15:52:29,58.3814,97.4531,50.74,98,100,4.12
224,Bumba,CD,2022-08-18 15:53:30,2.1833,22.4667,73.24,91,80,6.11
225,Shiyan,CN,2022-08-18 15:53:30,32.6475,110.7781,89.13,55,100,2.21
226,Constitucion,CL,2022-08-18 15:53:31,-35.3333,-72.4167,53.56,52,0,14.41
227,Komsomolskiy,UZ,2022-08-18 15:53:32,40.4272,71.7189,83.12,18,0,4.61
228,Chandvad,IN,2022-08-18 15:53:32,20.3333,74.25,70.43,89,49,11.14
229,Lamar,US,2022-08-18 15:53:32,33.6668,-95.5836,76.98,83,100,11.5
230,Half Moon Bay,US,2022-08-18 15:53:33,37.4636,-122.4286,69.48,91,75,5.75
231,Jalu,LY,2022-08-18 15:53:33,29.0331,21.5482,98.96,15,0,12.97
232,Belaya Gora,RU,2022-08-18 15:53:33,68.5333,146.4167,49.78,88,55,6.58
233,Zhaodong,CN,2022-08-18 15:53:34,46.0833,125.9833,67.64,97,100,1.99
234,Boddam,GB,2022-08-18 15:53:34,57.4667,-1.7833,67.64,85,62,18.41
235,Hovd,MN,2022-08-18 15:53:35,48.0056,91.6419,59.11,18,88,7.54
236,Houston,US,2022-08-18 15:48:38,29.7633,-95.3633,91.4,71,40,6.91
237,Det Udom,TH,2022-08-18 15:53:35,14.906,105.0784,78.62,89,87,5.95
238,Avera,US,2022-08-18 15:53:35,33.194,-82.5271,80.55,60,94,4.41
239,Tonota,BW,2022-08-18 15:53:36,-21.4833,27.4833,78.85,13,11,10.49
240,Peruibe,BR,2022-08-18 15:50:47,-24.32,-46.9983,82.99,44,100,12.41
241,Nemuro,JP,2022-08-18 15:53:36,43.3236,145.575,61.97,94,100,26.19
242,Kautokeino,NO,2022-08-18 15:53:36,69.0125,23.0412,54.14,60,52,14.12
243,Padang,ID,2022-08-18 15:53:37,-0.9492,100.3543,77.99,87,35,4.16
244,Stoina,RO,2022-08-18 15:53:37,44.6833,23.6333,99.18,22,5,11.1
245,Gafanha Da Encarnacao,PT,2022-08-18 15:53:37,40.6181,-8.733,73.78,59,4,18.52
246,Takoradi,GH,2022-08-18 15:53:38,4.8845,-1.7554,79.68,67,74,15.17
247,Kupang,ID,2022-08-18 15:53:38,-10.1667,123.5833,72.81,67,48,9.44
248,Nantucket,US,2022-08-18 15:53:38,41.2835,-70.0995,77.11,57,4,18.05
249,Heubach,DE,2022-08-18 15:53:38,48.7927,9.9337,79.57,74,100,2.21
250,Punta Alta,AR,2022-08-18 15:52:19,-38.8759,-62.0736,49.91,39,0,13.56
251,Misratah,LY,2022-08-18 15:53:39,32.3754,15.0925,90.61,49,0,16.6
252,Awbari,LY,2022-08-18 15:53:39,26.5921,12.7805,101.77,11,0,15.97
253,Karratha,AU,2022-08-18 15:53:40,-20.7377,116.8463,72.73,32,17,9.48
254,Onguday,RU,2022-08-18 15:53:40,50.75,86.15,45.18,94,100,4.07
255,Mahebourg,MU,2022-08-18 15:53:40,-20.4081,57.7,71.26,83,40,6.91
256,Baykit,RU,2022-08-18 15:53:40,61.67,96.37,50.9,89,100,4.07
257,Itaituba,BR,2022-08-18 15:53:41,-4.2761,-55.9836,93.36,52,0,9.22
258,Husavik,IS,2022-08-18 15:53:41,66.0449,-17.3389,55.99,64,77,4.56
259,Caraubas,BR,2022-08-18 15:53:41,-5.7925,-37.5567,92.82,31,30,12.91
260,Haines Junction,CA,2022-08-18 15:53:42,60.7522,-137.5108,46.35,87,100,1.14
261,Stornoway,GB,2022-08-18 15:53:42,58.2093,-6.3865,58.96,87,75,21.85
262,Ixtapa,MX,2022-08-18 15:53:42,20.7,-105.2,84.22,75,100,1.99
263,Hami,CN,2022-08-18 15:53:44,42.8,93.45,75.92,26,2,1.54
264,Wanning,CN,2022-08-18 15:53:44,18.8003,110.3967,79.83,88,59,5.77
265,Caravelas,BR,2022-08-18 15:53:44,-17.7125,-39.2481,79.3,51,42,8.61
266,San Patricio,US,2022-08-18 15:53:45,28.017,-97.5169,91.26,60,99,5.3
267,Tasiilaq,GL,2022-08-18 15:53:45,65.6145,-37.6368,40.01,75,79,5.28
268,Diapaga,BF,2022-08-18 15:53:45,12.0708,1.7889,84.31,65,69,8.99
269,Jibuti,DJ,2022-08-18 15:53:46,11.5,42.5,91.69,36,52,1.66
270,Makakilo City,US,2022-08-18 15:53:46,21.3469,-158.0858,77.32,86,16,7.74
271,Simao,CN,2022-08-18 15:53:46,22.7886,100.9748,70.66,84,96,2.53
272,Wynyard,AU,2022-08-18 15:54:47,-41.0,145.7167,44.98,84,95,8.52
273,Xiongzhou,CN,2022-08-18 15:54:47,25.1167,114.3,80.67,78,2,2.89
274,Pringsewu,ID,2022-08-18 15:54:48,-5.3582,104.9744,72.52,96,31,0.85
275,Vestmannaeyjar,IS,2022-08-18 15:54:48,63.4427,-20.2734,49.19,93,100,6.91
276,Banff,CA,2022-08-18 15:54:48,51.1762,-115.5698,72.77,67,0,5.75
277,Nebug,RU,2022-08-18 15:54:48,44.1714,39.0036,77.76,80,3,5.21
278,Murray Bridge,AU,2022-08-18 15:54:49,-35.1167,139.2667,50.13,88,3,10.76
279,Contamana,PE,2022-08-18 15:54:49,-7.3333,-75.0167,93.94,39,6,6.73
280,Portland,US,2022-08-18 15:54:49,45.5234,-122.6762,77.99,73,99,1.01
281,Horta,PT,2022-08-18 15:54:50,38.5333,-28.6333,73.04,60,75,3.44
282,Severnyy,RU,2022-08-18 15:54:50,50.677,36.5532,80.64,41,0,13.42
283,Palestine,PS,2022-08-18 15:50:35,31.9216,35.2033,77.94,65,0,11.72
284,Whitianga,NZ,2022-08-18 15:54:50,-36.8333,175.7,61.36,94,100,12.5
285,Ballina,AU,2022-08-18 15:54:51,-28.8667,153.5667,51.78,74,0,5.77
286,Luderitz,NA,2022-08-18 15:54:51,-26.6481,15.1594,61.05,59,3,26.93
287,College,US,2022-08-18 15:54:52,64.8569,-147.8028,55.58,85,0,11.5
288,Sayyan,YE,2022-08-18 15:54:53,15.1718,44.3244,62.82,71,98,4.79
289,North Bend,US,2022-08-18 15:54:53,43.4065,-124.2243,61.86,100,100,0.0
290,Ust-Tsilma,RU,2022-08-18 15:54:53,65.441,52.1498,71.83,60,96,5.93
291,Coquimbo,CL,2022-08-18 15:54:54,-29.9533,-71.3436,60.53,72,0,9.22
292,Pimenta Bueno,BR,2022-08-18 15:54:54,-11.6725,-61.1936,100.04,26,13,4.63
293,Chara,RU,2022-08-18 15:54:54,56.9064,118.2631,47.52,77,31,2.75
294,Faya,SA,2022-08-18 15:54:55,18.3851,42.4509,73.51,67,98,8.77
295,Miles City,US,2022-08-18 15:54:55,46.4083,-105.8406,77.94,36,0,10.33
296,Ridgecrest,US,2022-08-18 15:54:55,35.6225,-117.6709,90.39,32,40,11.5
297,Carnarvon,AU,2022-08-18 15:54:55,-24.8667,113.6333,64.67,44,100,19.66
298,Hamilton,US,2022-08-18 15:54:56,39.1834,-84.5333,81.25,59,9,1.99
299,Mahenge,TZ,2022-08-18 15:54:56,-8.6833,36.7167,71.22,42,33,4.25
300,Gamba,GA,2022-08-18 15:54:56,-2.65,10.0,75.33,76,41,10.33
301,Eureka,US,2022-08-18 15:55:01,40.8021,-124.1637,56.01,76,67,3.69
302,Sioux Lookout,CA,2022-08-18 15:55:02,50.1001,-91.917,75.27,78,40,0.0
303,Sindor,RU,2022-08-18 15:55:02,62.8629,51.8905,63.12,63,100,4.52
304,Hofn,IS,2022-08-18 15:55:02,64.2539,-15.2082,51.82,87,100,10.36
305,Ouadda,CF,2022-08-18 15:55:03,8.0777,22.4007,73.2,90,97,5.57
306,Kardymovo,RU,2022-08-18 15:55:03,54.8902,32.4311,76.01,59,5,5.95
307,Olenegorsk,RU,2022-08-18 15:55:04,68.15,33.3,52.14,82,100,5.57
308,Dryden,CA,2022-08-18 15:55:04,49.7833,-92.7503,73.69,78,0,2.3
309,Kloulklubed,PW,2022-08-18 15:55:04,7.0419,134.2556,73.9,77,100,13.4
310,Chenzhou,CN,2022-08-18 15:55:05,25.8,113.0333,81.28,73,0,5.1
311,Kommunar,RU,2022-08-18 15:55:05,59.6206,30.39,83.73,60,100,4.34
312,Namibe,AO,2022-08-18 15:55:06,-15.1961,12.1522,64.81,78,17,10.09
313,Vanimo,PG,2022-08-18 15:55:06,-2.6741,141.3028,77.45,89,100,4.27
314,Ouro Branco,BR,2022-08-18 15:55:06,-20.5208,-43.6919,81.61,24,33,9.66
315,Celestun,MX,2022-08-18 15:55:07,20.8667,-90.4,86.32,60,95,3.04
316,New Norfolk,AU,2022-08-18 15:55:07,-42.7826,147.0587,47.7,83,71,5.01
317,San Cristobal,VE,2022-08-18 15:55:07,7.7669,-72.225,80.78,34,0,8.37
318,Guerrero Negro,MX,2022-08-18 15:55:08,27.9769,-114.0611,76.06,68,100,9.46
319,Suez,EG,2022-08-18 15:56:08,29.9737,32.5263,93.38,26,0,7.29
320,Red Bluff,US,2022-08-18 15:56:09,40.1785,-122.2358,89.85,25,43,2.84
321,Ternate,ID,2022-08-18 15:56:09,0.8,127.4,78.8,79,100,1.99
322,Rio Gallegos,AR,2022-08-18 15:56:09,-51.6226,-69.2181,46.45,46,0,18.41
323,Garoua Boulai,CM,2022-08-18 15:56:10,5.8833,14.55,65.3,98,100,5.93
324,Vao,NC,2022-08-18 15:56:10,-22.6667,167.4833,68.34,58,7,11.48
325,Fort-Shevchenko,KZ,2022-08-18 15:56:10,44.5086,50.263,83.59,35,4,8.81
326,Banjar,ID,2022-08-18 15:56:11,-8.19,114.9675,75.85,89,48,4.27
327,Granville,AU,2022-08-18 15:56:11,-33.8333,151.0167,62.38,72,0,5.75
328,Sao Jose Da Coroa Grande,BR,2022-08-18 15:56:12,-8.8978,-35.1478,78.21,61,19,14.12
329,Lodwar,KE,2022-08-18 15:56:12,3.1191,35.5973,90.16,29,63,10.45
330,Yatou,CN,2022-08-18 15:56:12,37.15,122.3833,75.81,87,100,12.86
331,Isangel,VU,2022-08-18 15:56:13,-19.55,169.2667,69.91,83,100,4.61
332,Tezu,IN,2022-08-18 15:56:13,27.9167,96.1667,77.5,95,46,4.97
333,Trairi,BR,2022-08-18 15:51:35,-3.2778,-39.2689,87.48,46,37,15.64
334,Mehamn,NO,2022-08-18 15:56:14,71.0357,27.8492,53.55,62,20,11.5
335,Byron Bay,AU,2022-08-18 15:51:16,-28.65,153.6167,51.71,75,0,7.76
336,Fare,PF,2022-08-18 15:56:14,-16.7,-151.0167,78.21,72,95,17.27
337,Ribeira Grande,PT,2022-08-18 15:56:14,38.5167,-28.7,73.8,60,75,3.44
338,Alofi,NU,2022-08-18 15:56:15,-19.0595,-169.9187,67.89,73,29,12.66
339,Honningsvag,NO,2022-08-18 15:56:15,70.9821,25.9704,53.35,62,0,11.5
340,Riyadh,SA,2022-08-18 15:56:16,24.6877,46.7219,107.74,10,14,7.47
341,Zyryanka,RU,2022-08-18 15:56:16,65.75,150.85,49.15,85,14,7.07
342,Goderich,CA,2022-08-18 15:53:06,43.7501,-81.7165,76.91,83,0,4.61
343,Kendari,ID,2022-08-18 15:56:17,-3.945,122.4989,73.0,89,93,3.56
344,Mattawa,US,2022-08-18 15:56:17,46.7379,-119.9028,73.4,18,89,2.86
345,Bryan,US,2022-08-18 15:52:37,30.6744,-96.37,89.82,59,0,6.91
346,Narasaraopet,IN,2022-08-18 15:56:18,16.25,80.0667,88.27,56,100,7.96
347,Batagay,RU,2022-08-18 15:56:18,67.6333,134.6333,54.28,91,99,2.75
348,Artyom,AZ,2022-08-18 15:56:18,40.4723,50.333,82.54,48,0,6.44
349,Burnie,AU,2022-08-18 15:56:19,-41.0667,145.9167,44.94,84,98,9.84
350,Clyde River,CA,2022-08-18 15:56:19,70.4692,-68.5914,41.23,93,75,3.44
351,Marrakesh,MA,2022-08-18 15:56:19,31.6315,-8.0083,98.67,26,0,3.44
352,Balapulang,ID,2022-08-18 15:56:20,-7.05,109.0833,74.97,87,19,5.01
353,Katherine,AU,2022-08-18 15:56:20,-14.4667,132.2667,55.72,47,7,4.61
354,Dera Ghazi Khan,PK,2022-08-18 15:56:21,30.0561,70.6348,80.65,83,83,10.16
355,Grand-Santi,GF,2022-08-18 15:56:22,4.25,-54.3833,90.37,52,37,4.41
356,Kosonsoy,UZ,2022-08-18 15:56:22,41.2561,71.5508,75.76,21,0,7.87
357,Whitehorse,CA,2022-08-18 15:56:22,60.7161,-135.0538,52.57,67,75,12.66
358,Seydi,TM,2022-08-18 15:56:23,39.4816,62.9137,82.81,11,0,12.95
359,Saint Anthony,US,2022-08-18 15:56:23,45.0205,-93.218,77.14,77,83,4.0
360,Gunzenhausen,DE,2022-08-18 15:56:23,49.1,10.75,83.05,52,100,5.06
361,Arkhangelskoye,RU,2022-08-18 15:56:24,55.8549,35.3287,74.44,52,0,6.38
362,Senno,RU,2022-08-18 15:56:24,59.5336,33.9167,78.26,49,0,4.45
363,Nouadhibou,MR,2022-08-18 15:56:24,20.931,-17.0347,82.38,57,7,17.27
364,Torbay,CA,2022-08-18 15:56:25,47.6666,-52.7314,66.88,96,100,8.05
365,Chokurdakh,RU,2022-08-18 15:57:25,70.6333,147.9167,48.31,75,58,9.55
366,Ecoporanga,BR,2022-08-18 15:57:25,-18.3733,-40.8306,83.84,32,37,10.18
367,Barcelos,PT,2022-08-18 15:57:26,41.5388,-8.6151,85.91,31,7,12.15
368,Bengkulu,ID,2022-08-18 15:57:26,-3.8004,102.2655,76.12,90,86,5.26
369,Chimbote,PE,2022-08-18 15:55:01,-9.0853,-78.5783,65.21,72,96,10.04
370,Beyneu,KZ,2022-08-18 15:57:30,45.3167,55.2,86.2,17,0,10.2
371,Asekeyevo,RU,2022-08-18 15:57:30,53.5742,52.7972,68.54,44,100,12.71
372,Palu,ID,2022-08-18 15:57:30,-0.8917,119.8707,75.76,95,99,5.1
373,Baran,IN,2022-08-18 15:57:31,25.1,76.5167,79.7,85,4,8.9
374,Copiapo,CL,2022-08-18 15:57:31,-27.3667,-70.3333,60.49,16,0,3.27
375,Biak,ID,2022-08-18 15:57:31,-0.9131,122.8766,74.34,88,96,5.75
376,Nanortalik,GL,2022-08-18 15:57:31,60.1432,-45.2371,42.04,76,24,13.53
377,Farafangana,MG,2022-08-18 15:57:32,-22.8167,47.8333,71.46,81,1,16.24
378,Olinda,BR,2022-08-18 15:57:32,-8.0089,-34.8553,80.33,61,40,14.97
379,Bathsheba,BB,2022-08-18 15:57:33,13.2167,-59.5167,88.41,66,75,17.27
380,Tautira,PF,2022-08-18 15:57:33,-17.7333,-149.15,76.01,84,91,19.66
381,Norman Wells,CA,2022-08-18 15:57:33,65.282,-126.8329,64.44,59,20,5.75
382,Guarapari,BR,2022-08-18 15:57:26,-20.6667,-40.4975,73.89,60,6,24.76
383,Opportunity,US,2022-08-18 15:57:34,47.6499,-117.2399,80.98,45,32,3.53
384,The Valley,AI,2022-08-18 15:57:34,18.217,-63.0578,87.66,79,20,17.27
385,Caldas Novas,BR,2022-08-18 15:57:34,-17.7417,-48.625,91.2,17,37,10.71
386,Zhanaozen,KZ,2022-08-18 15:57:35,43.3,52.8,86.2,12,0,13.35
387,Kampot,KH,2022-08-18 15:57:35,10.6167,104.1833,80.65,84,20,6.8
388,Ugoofaaru,MV,2022-08-18 15:57:35,5.6667,73.0,81.27,74,33,6.29
389,Ormara,PK,2022-08-18 15:57:36,25.2088,64.6357,81.75,87,100,13.27
390,Ola,RU,2022-08-18 15:57:36,59.5833,151.2833,52.43,89,100,6.35
391,Kungurtug,RU,2022-08-18 15:57:36,50.5994,97.5228,40.24,82,46,3.36
392,Saint Andrews,US,2022-08-18 15:55:18,34.0454,-81.1293,82.33,67,100,5.75
393,Bay Saint Louis,US,2022-08-18 15:57:37,30.3088,-89.33,80.02,91,75,8.05
394,Sergeyevka,KZ,2022-08-18 15:57:37,53.88,67.4158,52.99,60,97,6.85
395,Oranjemund,NA,2022-08-18 15:57:38,-28.55,16.4333,55.81,79,1,17.72
396,Canon City,US,2022-08-18 15:57:38,38.441,-105.2424,79.2,44,0,16.11
397,Matagami,CA,2022-08-18 15:57:38,49.7502,-77.6328,78.91,38,0,0.0
398,Serebryanyy Bor,RU,2022-08-18 15:57:39,56.8,124.8,42.31,94,11,1.39
399,Ikom,NG,2022-08-18 15:57:40,5.9667,8.7063,77.99,92,100,2.26
400,Gao,ML,2022-08-18 15:57:40,16.6362,1.637,98.29,29,2,6.71
401,Taltal,CL,2022-08-18 15:57:41,-25.4,-70.4833,67.06,57,3,8.05
402,Balabac,PH,2022-08-18 15:57:41,7.9868,117.0645,81.99,76,100,6.58
403,Dzhalil,RU,2022-08-18 15:57:42,55.0239,52.7358,60.84,49,6,11.5
404,Puerto Escondido,MX,2022-08-18 15:57:42,15.85,-97.0667,84.52,70,99,4.41
405,Store Heddinge,DK,2022-08-18 15:57:46,55.3097,12.3889,79.92,82,70,9.55
406,Kuusamo,FI,2022-08-18 15:59:33,65.9667,29.1833,66.24,68,0,5.75
407,Port Hardy,CA,2022-08-18 15:59:34,50.6996,-127.4199,59.18,100,100,2.3
408,Sandanski,BG,2022-08-18 15:59:34,41.5667,23.2833,92.77,21,1,7.25
409,Ures,MX,2022-08-18 15:59:34,29.4333,-110.4,78.85,77,100,4.54
410,Begusarai,IN,2022-08-18 15:59:35,25.4167,86.1333,91.96,50,99,7.7
411,Novikovo,RU,2022-08-18 15:59:35,51.1537,37.8879,72.9,63,96,11.36
412,Siklos,HU,2022-08-18 15:59:35,45.855,18.2975,98.22,26,0,9.22
413,Laguna,US,2022-08-18 15:59:36,38.421,-121.4238,91.09,35,0,3.94
414,Belyy Yar,RU,2022-08-18 15:59:36,53.6039,91.3903,51.69,71,0,4.47
415,Statesboro,US,2022-08-18 15:55:46,32.4488,-81.7832,80.4,73,75,0.0
416,Chanika,TZ,2022-08-18 15:59:37,-5.4167,38.0167,70.32,68,33,11.48
417,Antalaha,MG,2022-08-18 15:59:37,-14.9003,50.2788,69.71,89,18,7.07
418,Nahavand,IR,2022-08-18 15:59:38,34.1885,48.377,90.41,9,22,13.06
419,Mana,GF,2022-08-18 15:59:38,5.6592,-53.7767,85.91,66,24,8.39
420,Balintore,GB,2022-08-18 15:59:38,57.7556,-3.9123,71.62,66,69,11.1
421,Marzuq,YE,2022-08-18 15:59:39,14.4,46.4667,82.02,60,70,10.71
422,Havre-Saint-Pierre,CA,2022-08-18 15:59:39,50.2334,-63.5986,61.16,94,100,13.8
423,Krasnovishersk,RU,2022-08-18 15:59:40,60.4078,57.082,53.94,61,6,3.58
424,Watertown,US,2022-08-18 15:56:28,42.3709,-71.1828,81.14,52,99,10.0
425,Chone,EC,2022-08-18 15:59:41,-0.6833,-80.1,74.37,84,100,2.51
426,Grindavik,IS,2022-08-18 15:59:41,63.8424,-22.4338,55.87,71,75,16.11
427,Lasa,IT,2022-08-18 15:59:41,46.6166,10.7002,69.24,87,100,4.23
428,Templin,DE,2022-08-18 15:59:42,53.1186,13.5022,78.19,54,100,12.35
429,Maxixe,MZ,2022-08-18 15:59:42,-23.8597,35.3472,75.02,88,20,21.0
430,Vaitape,PF,2022-08-18 15:59:42,-16.5167,-151.75,77.77,75,100,21.45
431,Springbok,ZA,2022-08-18 15:59:42,-29.6643,17.8865,47.57,73,92,15.82
432,Mporokoso,ZM,2022-08-18 15:59:43,-9.3727,30.125,75.29,25,29,4.0
433,Guanare,VE,2022-08-18 15:59:43,9.0418,-69.7421,87.17,57,0,3.06
434,Hualmay,PE,2022-08-18 15:59:43,-11.0964,-77.6139,64.33,71,47,8.99
435,Bilibino,RU,2022-08-18 15:59:44,68.0546,166.4372,39.97,63,0,2.89
436,Moranbah,AU,2022-08-18 15:59:44,-22.0016,148.0466,54.39,66,0,1.23
437,Svetlaya,RU,2022-08-18 15:59:44,46.5389,138.3297,66.13,75,21,5.46
438,Khasan,RU,2022-08-18 15:59:45,42.4308,130.6434,68.95,92,84,6.04
439,Segou,ML,2022-08-18 15:59:45,13.4317,-6.2157,86.49,57,100,12.46
440,Nampula,MZ,2022-08-18 15:55:13,-15.1165,39.2666,82.35,39,20,5.01
441,Dentsville,US,2022-08-18 15:59:45,34.064,-80.9582,82.72,73,86,5.53
442,Asilah,MA,2022-08-18 15:59:46,35.465,-6.0348,82.36,59,0,9.78
443,Dhanera,IN,2022-08-18 15:59:46,24.5167,72.0167,78.96,88,90,5.39
444,Cauquenes,CL,2022-08-18 15:59:48,-35.9671,-72.3225,50.09,63,0,14.85
445,Aloleng,PH,2022-08-18 15:59:48,16.1307,119.7824,77.16,91,100,13.91
446,Sisimiut,GL,2022-08-18 15:59:49,66.9395,-53.6735,42.78,76,78,9.53
447,Sitka,US,2022-08-18 15:59:49,57.0531,-135.33,53.49,100,75,0.0
448,Zhuzhou,CN,2022-08-18 15:59:49,27.8333,113.15,89.73,51,54,4.74
449,Indramayu,ID,2022-08-18 15:59:49,-6.3264,108.32,79.36,75,6,9.86
450,Niquelandia,BR,2022-08-18 15:59:50,-14.4739,-48.4597,93.16,17,0,5.44
451,Great Falls,US,2022-08-18 15:59:50,47.5002,-111.3008,72.68,49,0,2.68
452,Sembe,CG,2022-08-18 16:00:50,1.6481,14.5806,73.11,90,100,0.81
453,Sasaram,IN,2022-08-18 16:00:51,24.951,84.0149,85.78,66,91,9.31
454,Mankera,PK,2022-08-18 16:00:51,31.3866,71.4407,89.44,61,100,2.06
455,Tucumcari,US,2022-08-18 16:00:52,35.1717,-103.725,69.64,83,100,5.75
456,Faanui,PF,2022-08-18 16:00:52,-16.4833,-151.75,77.76,75,100,21.3
457,Pulsano,IT,2022-08-18 16:00:53,40.3821,17.3564,92.48,60,1,1.99
458,Mudgee,AU,2022-08-18 16:00:53,-32.5943,149.5871,49.78,95,91,2.1
459,Qaqortoq,GL,2022-08-18 16:00:53,60.7167,-46.0333,45.72,58,0,8.43
460,Vila Franca Do Campo,PT,2022-08-18 16:00:54,37.7167,-25.4333,73.81,63,77,5.86
461,Port Hawkesbury,CA,2022-08-18 16:00:55,45.6169,-61.3485,74.8,89,93,8.99
462,Berbera,SO,2022-08-18 16:00:55,10.4396,45.0143,94.59,42,57,5.3
463,Soe,ID,2022-08-18 16:00:55,-9.8607,124.284,57.33,82,67,4.9
464,Tarko-Sale,RU,2022-08-18 16:00:56,64.9225,77.785,53.64,76,93,12.26
465,Uarini,BR,2022-08-18 16:00:56,-2.99,-65.1083,92.66,47,96,3.8
466,Batemans Bay,AU,2022-08-18 16:00:57,-35.7167,150.1833,54.1,76,51,6.35
467,Yumen,CN,2022-08-18 16:00:58,40.2833,97.2,72.63,29,0,6.87
468,Bundaberg,AU,2022-08-18 15:57:23,-24.85,152.35,52.21,92,0,5.1
469,Cockburn Town,TC,2022-08-18 16:00:58,21.4612,-71.1419,82.71,77,54,14.9
470,Orbetello,IT,2022-08-18 16:00:59,42.4408,11.2196,85.91,67,71,8.3
471,Dukat,RU,2022-08-18 16:00:59,62.55,155.55,41.54,98,100,5.3
472,Ndago,TZ,2022-08-18 16:00:59,-4.6,34.35,75.09,24,43,6.08
473,Lazaro Cardenas,MX,2022-08-18 16:01:00,17.9583,-102.2,85.95,60,61,1.83
474,Limulunga,ZM,2022-08-18 16:01:00,-15.0969,23.1376,80.42,12,31,2.37
475,Isilkul,RU,2022-08-18 16:01:01,54.9109,71.2728,52.34,54,100,6.96
476,Shache,CN,2022-08-18 16:01:01,38.4167,77.2406,78.71,24,44,7.18
477,Japura,ID,2022-08-18 16:01:01,-0.3167,102.35,74.62,94,9,2.59
478,Sosnovoborsk,RU,2022-08-18 16:01:02,56.1325,93.3589,48.36,93,100,4.47
479,Saint-Leu,RE,2022-08-18 16:01:02,-21.15,55.2833,70.68,71,8,4.54
480,Port-Gentil,GA,2022-08-18 16:01:02,-0.7193,8.7815,75.16,88,100,10.36
481,Gidole,ET,2022-08-18 16:01:03,5.65,37.3667,63.61,52,99,2.82
482,Danielskuil,ZA,2022-08-18 16:01:03,-28.1887,23.5395,44.08,57,36,20.67
483,Cap Malheureux,MU,2022-08-18 16:01:03,-19.9842,57.6142,71.47,73,0,4.0
484,Starogard Gdanski,PL,2022-08-18 16:01:04,53.964,18.5264,83.88,38,99,5.7
485,Kovylkino,RU,2022-08-18 16:01:04,54.0388,43.9139,74.07,44,100,15.77
486,Nova Granada,BR,2022-08-18 16:01:05,-20.5339,-49.3142,92.98,18,11,17.78
487,Atar,MR,2022-08-18 16:01:06,20.5169,-13.0499,96.91,36,89,16.11
488,Gambela,ET,2022-08-18 16:01:06,8.25,34.5833,73.29,92,100,3.22
489,Moche,PE,2022-08-18 16:01:07,-8.1711,-79.0092,64.89,77,57,9.4
490,Dolgorukovo,RU,2022-08-18 16:01:08,52.3195,38.3453,75.16,50,100,16.33
491,Along,IN,2022-08-18 16:01:08,28.1667,94.7667,76.46,96,73,2.24
492,Ulladulla,AU,2022-08-18 16:01:09,-35.35,150.4667,56.35,67,95,5.32
493,Birjand,IR,2022-08-18 16:01:09,32.8663,59.2211,75.99,21,14,17.58
494,Kattivakkam,IN,2022-08-18 16:01:09,13.2167,80.3167,86.07,85,98,9.8
495,Guaruja,BR,2022-08-18 16:01:10,-23.9931,-46.2564,78.33,57,100,13.44
496,Verkhoshizhemye,RU,2022-08-18 16:01:10,58.011,49.1038,59.29,62,1,5.41
497,Zhenlai,CN,2022-08-18 16:02:11,45.8495,123.2973,64.81,91,100,10.36
498,Waitati,NZ,2022-08-18 16:02:11,-45.75,170.5667,48.09,94,7,4.88
499,Odienne,CI,2022-08-18 16:02:11,9.51,-7.5692,81.97,74,49,1.01
500,Bay Roberts,CA,2022-08-18 16:02:12,47.5999,-53.2648,71.51,94,100,5.01
501,Chengdu,CN,2022-08-18 15:59:25,30.6667,104.0667,91.29,58,20,4.47
502,Pervomayskoye,RU,2022-08-18 16:02:12,43.919,46.7102,80.29,46,47,19.82
503,Puri,IN,2022-08-18 16:02:12,19.8,85.85,86.52,82,100,12.37
504,Fairbanks,US,2022-08-18 16:02:13,64.8378,-147.7164,54.09,84,93,1.01
505,Sulangan,PH,2022-08-18 16:02:13,11.1373,123.7228,82.98,72,100,3.49
506,Mackay,AU,2022-08-18 16:02:14,-21.15,149.2,52.68,84,0,3.33
507,Moengo,SR,2022-08-18 16:02:14,5.6167,-54.4,88.23,62,54,2.53
508,Yulara,AU,2022-08-18 16:02:14,-25.2406,130.9889,49.55,59,5,14.52
509,Lagos,NG,2022-08-18 15:59:59,6.5833,3.75,86.32,73,96,10.09
510,Omsukchan,RU,2022-08-18 16:02:15,62.5333,155.8,42.39,98,100,6.24
511,Lieksa,FI,2022-08-18 16:02:15,63.3167,30.0167,69.46,83,100,5.44
512,Lebu,CL,2022-08-18 16:02:16,-37.6167,-73.65,49.78,67,7,10.58
513,Balkanabat,TM,2022-08-18 16:02:16,39.5108,54.3671,91.81,10,0,10.31
514,Payson,US,2022-08-18 16:02:16,40.0444,-111.7321,84.4,29,100,1.99
515,Buchanan,LR,2022-08-18 16:02:17,5.8808,-10.0467,78.4,73,61,10.4
516,Pahrump,US,2022-08-18 15:59:12,36.2083,-115.9839,88.45,41,88,4.0
517,Presidencia Roque Saenz Pena,AR,2022-08-18 16:02:17,-26.7852,-60.4388,65.16,16,2,15.26
518,New Richmond,US,2022-08-18 15:57:22,45.123,-92.5366,77.72,68,0,8.05
519,Noumea,NC,2022-08-18 16:02:17,-22.2763,166.4572,64.99,99,61,4.5
520,Maniitsoq,GL,2022-08-18 16:02:18,65.4167,-52.9,43.43,78,14,10.56
521,Acapulco,MX,2022-08-18 16:00:24,16.8634,-99.8901,83.5,67,100,1.25
522,Mirpur Sakro,PK,2022-08-18 16:02:18,24.5474,67.6277,81.19,89,100,9.75
523,Praia,CV,2022-08-18 16:02:18,14.9215,-23.5087,79.81,74,54,12.71
524,Sandakan,MY,2022-08-18 16:02:19,5.8402,118.1179,76.68,90,99,5.46
525,Boda,CF,2022-08-18 16:02:19,4.3189,17.4695,70.65,86,100,4.54
526,Daitari,IN,2022-08-18 16:02:19,21.1,85.75,78.57,81,100,4.23
527,Manicore,BR,2022-08-18 16:02:20,-5.8092,-61.3003,99.43,32,6,3.74
528,Tulum,MX,2022-08-18 16:02:20,20.2167,-87.4667,75.4,96,100,4.5
529,Montrose,US,2022-08-18 16:02:20,38.4166,-108.2673,63.73,42,29,2.13
530,Auki,SB,2022-08-18 16:02:21,-8.7676,160.7034,74.25,87,66,4.7
531,Jinka,ET,2022-08-18 16:02:21,5.65,36.65,69.37,58,96,2.77
532,Nyurba,RU,2022-08-18 16:02:21,63.2842,118.3319,47.32,98,39,3.83
533,Pottsville,US,2022-08-18 16:02:22,40.6857,-76.1955,80.83,52,6,5.99
534,Umm Lajj,SA,2022-08-18 16:02:22,25.0213,37.2685,88.63,64,6,5.19
535,Fuyu,CN,2022-08-18 16:02:23,45.1833,124.8167,70.92,90,100,16.87
536,Bajil,YE,2022-08-18 16:02:23,15.0584,43.2851,89.13,55,99,7.7
537,Saint George,US,2022-08-18 15:59:53,37.1041,-113.5841,87.44,45,97,1.99
538,Abu Zabad,SD,2022-08-18 16:02:23,12.35,29.25,79.88,69,99,6.44
539,Chabahar,IR,2022-08-18 16:02:24,25.2919,60.643,82.69,84,50,9.26
540,Anju,KP,2022-08-18 16:02:24,39.6178,125.6647,70.65,87,100,3.56
541,Bafq,IR,2022-08-18 16:02:24,31.6128,55.4107,87.37,8,0,11.86
542,Riviere-Au-Renard,CA,2022-08-18 16:02:25,48.9957,-64.3971,62.89,99,100,14.38
543,Lima,PE,2022-08-18 15:59:41,-12.0432,-77.0282,63.9,80,100,5.75
544,Port Macquarie,AU,2022-08-18 16:03:25,-31.4333,152.9167,44.89,85,100,5.32
545,Adrar,MR,2022-08-18 16:03:26,20.5022,-10.0711,99.81,26,67,3.22
